{
    "allcoin":       { "skip": true },
    "bcex":          { "skip": true },
    "bibox":         { "skip": true },
    "bigone":        { "skip": true },
    "binance":       { "skip": true },
    "bit2c":         { "skip": true },
    "bitbay":        { "skip": true },
    "bitforex":      { "skip": true },
    "bithumb":       { "skip": true },
    "bitibu":        { "skip": true },
    "bitkk":         { "skip": true },
    "bitlish":       { "skip": true },
    "bitmarket":     { "skip": true },
    "bitso":         { "skip": true },
    "bittrex":       { "skip": true },
    "bitz":          { "skip": true },
    "bl3p":          { "skip": true },
    "bleutrade":     { "skip": true },
    "braziliex":     { "skip": true },
    "btcchina":      { "skip": true },
    "btcexchange":   { "skip": true },
    "btcmarkets":    { "skip": true },
    "btctradeim":    { "skip": true },
    "btctradeua":    { "skip": true },
    "btcturk":       { "skip": true },
    "bter":          { "skip": true },
    "bxinth":        { "skip": true },
    "ccex":          { "skip": true },
    "chbtc":         { "skip": true },
    "chilebit":      { "skip": true },
    "cobinhood":     { "skip": true },
    "coinbase":      { "skip": true },
    "coinegg":       { "skip": true },
    "coinex":        { "skip": true },
    "coinfalcon":    { "skip": true },
    "coingi":        { "skip": true },
    "coinmate":      { "skip": true },
    "coinmarketcap": { "skip": true },
    "coolcoin":      { "skip": true },
    "crypton":       { "skip": true },
    "cryptopia":     { "skip": true },
    "dsx":           { "skip": true },
    "dx":            { "skip": true },
    "ethfinex":      { "skip": true },
    "exx":           { "skip": true },
    "fcoin":         { "skip": true },
    "flowbtc":       { "skip": true },
    "foxbit":        { "skip": true },
    "fybse":         { "skip": true },
    "gateio":        { "skip": true },
    "gemini":        { "skip": true },
    "hadax":         { "skip": true },
    "hitbtc":        { "skip": true },
    "hitbtc2":       { "skip": true },
    "huobi":         { "skip": true },
    "huobicny":      { "skip": true },
    "ice3x":         { "skip": true },
    "indodax":       { "skip": true },
    "jubi":          { "skip": true },
    "kucoin":        { "skip": true },
    "kuna":          { "skip": true },
    "lakebtc":       { "skip": true },
    "lbank":         { "skip": true },
    "livecoin":      { "skip": true },
    "luno":          { "skip": true },
    "nova":          { "skip": true },
    "okcoincny":     { "skip": true },
    "okcoinusd":     { "skip": true },
    "okex3":         { "skip": true },
    "paymium":       { "skip": true },
    "poloniex":      { "skip": true, "timeout": 20000 },
    "quadrigacx":    { "skip": true },
    "quoinex":       { "skip": true },
    "qryptos":       { "skip": true },
    "rightbtc":      { "skip": true },
    "southxchange":  { "skip": true },
    "stronghold":    { "skip": true },
    "surbitcoin":    { "skip": true },
    "theocean":      { "skip": true },
    "tidebit":       { "skip": true },
    "tidex":         { "skip": true },
    "therock":       { "skip": true },
    "uex":           { "skip": true },
    "upbit":         { "skip": true },
    "urdubit":       { "skip": true },
    "vaultoro":      { "skip": true },
    "vbtc":          { "skip": true },
    "xbtce":         { "skip": true },
    "yobit":         { "skip": true },
    "yunbi":         { "skip": true },
    "zaif":          { "skip": true },
    "zb":            { "skip": true }
}
